Split Strategy,RMSE,MAPE,R2 Score
random,1.4228,48.29600000000001,0.9798
chronological,1.4657142857142857,51.420857142857145,0.9775714285714285
